{"cameraMode":{"drawMode":0,"name":"Shaded","section":"Shading Mode"},"sceneLighting":true,"audioPlay":false,"sceneViewState":{"showFog":true,"showMaterialUpdate":false,"showSkybox":true,"showFlares":true,"showImageEffects":true,"showParticleSystems":true},"in2DMode":false,"pivot":{"x":34.79772186279297,"y":-17.904590606689454,"z":33.177513122558597},"rotation":{"x":0.35634568333625796,"y":0.5806066989898682,"z":-0.3125355541706085,"w":0.6619930863380432},"size":87.0121841430664,"orthographic":false}