{"cameraMode":{"drawMode":0,"name":"Shaded","section":"Shading Mode"},"sceneLighting":true,"audioPlay":false,"sceneViewState":{"showFog":true,"showMaterialUpdate":false,"showSkybox":true,"showFlares":true,"showImageEffects":true,"showParticleSystems":true},"in2DMode":false,"pivot":{"x":27.110248565673829,"y":-22.45452117919922,"z":38.73799514770508},"rotation":{"x":0.35634568333625796,"y":0.5806066989898682,"z":-0.3125355541706085,"w":0.6619930863380432},"size":73.11311340332031,"orthographic":false}