{"cameraMode":{"drawMode":0,"name":"Shaded","section":"Shading Mode"},"sceneLighting":true,"audioPlay":false,"sceneViewState":{"showFog":true,"showMaterialUpdate":false,"showSkybox":true,"showFlares":true,"showImageEffects":true,"showParticleSystems":true},"in2DMode":false,"pivot":{"x":-46.90770721435547,"y":-20.64266014099121,"z":-55.36687469482422},"rotation":{"x":0.055450595915317538,"y":0.9344148635864258,"z":-0.16743920743465424,"w":0.3094487488269806},"size":201.27703857421876,"orthographic":false}